,loss_train,loss_val,acc_train,acc_val,total_sec_elapsed
0,2.3026200606959257,2.302609242044558,0.12776666666666667,0.1308,2.32
1,0.5229513185098394,0.5504221474609329,0.8052666666666667,0.7964,9.98
2,0.5128689837020567,0.5591904624730213,0.8160166666666666,0.8053,17.75
3,0.5349132555125886,0.5779824080377842,0.8207666666666666,0.8088,25.46
