,loss_train,loss_val,acc_train,acc_val,total_sec_elapsed
0,26.960664855460692,26.96116621589844,0.1004,0.1002,30.76
1,8.760619349801317,8.762455196688009,0.1,0.1,128.74
2,2.061016151039687,2.0627817024792994,0.3359,0.3327,225.82
3,2.17297726650647,2.175040719937654,0.2645166666666667,0.2657,322.3
4,1.5462667123852325,1.5505049720518032,0.3361,0.3382,418.68
5,1.5568813482121497,1.5699761953580824,0.3953333333333333,0.392,515.06
