,loss_train,loss_val,acc_train,acc_val,total_sec_elapsed
0,3.375316178667967,3.347920859268062,0.12896666666666667,0.1323,17.52
1,1.306131194875808,1.3126800684976017,0.46225,0.4578,80.17
2,0.7688227002426716,0.7949997989328902,0.71105,0.7012,141.47
3,0.9322670965874255,0.9641444104943508,0.7558666666666667,0.7495,202.95
4,0.5292431612713602,0.5560071203867621,0.8073333333333333,0.7966,264.16
5,0.43391862119321545,0.46713129129423325,0.83885,0.8259,325.78
6,0.378133622661897,0.4197449254769361,0.8615833333333334,0.8454,387.6
7,0.372418267464832,0.4222316245783196,0.8597333333333333,0.8422,449.06
