,loss_train,loss_val,acc_train,acc_val,total_sec_elapsed
0,4.678263154042526,4.676099091480243,0.10645,0.1097,15.47
1,0.357776084769089,0.4095648902609464,0.8642166666666666,0.8454,137.99
2,0.29275520655811726,0.3516925051691243,0.8901166666666667,0.8719,267.99
3,0.2813944011693128,0.3562788684175313,0.8929166666666667,0.8709,414.57
4,0.2904584241749705,0.36629406461068537,0.8890333333333333,0.8638,537.61
