,loss_train,loss_val,acc_train,acc_val,total_sec_elapsed
0,2.3034691620633554,2.3034630462535284,0.1,0.1,1.81
1,0.6524693175477709,0.6743791138671944,0.73785,0.7328,7.64
2,0.5556396135433911,0.5893020437002863,0.7972,0.7878,13.31
3,0.9890362047176092,1.007678791369307,0.6882166666666667,0.6808,19.01
4,2.302916919881916,2.302916919881916,0.1,0.1,24.65
